company_name,city,industry,area,pin_code,website,careers_url,linkedin_url,hiring_status,open_roles,last_checked
Bharat Electronics (BEL),Bangalore,Aerospace & Defence (Public Sector),,,https://bel-india.in,,https://www.linkedin.com/search/results/companies/?keywords=Bharat%20Electronics,Unknown,,
Hindustan Aeronautics (HAL),Bangalore,Aerospace & Defence (Public Sector),,,https://hal-india.co.in,,https://www.linkedin.com/search/results/companies/?keywords=Hindustan%20Aeronautics,Unknown,,
Ninjacart,Bangalore,Agri & Supply Chain,,,https://ninjacart.com,https://ninjacart.com/careers,https://www.linkedin.com/company/ninja-cart,Unknown,,
Mu Sigma,Bangalore,Analytics,,,https://mu-sigma.com,https://www.mu-sigma.com/career/,https://www.linkedin.com/company/mu-sigma,Unknown,,
Page Industries (Jockey India),Bangalore,Apparel,,,https://pageind.com,https://pageind.com/pages/careers,https://www.linkedin.com/company/jockey-india,Unknown,,
Toyota Kirloskar Motor,Bangalore,Automotive,,,https://toyotabharat.com,,https://www.linkedin.com/search/results/companies/?keywords=Toyota%20Kirloskar%20Motor,Unknown,,
Ather Energy,Bangalore,Automotive & EV,,,https://atherenergy.com,https://careers.atherenergy.com/,https://www.linkedin.com/search/results/companies/?keywords=Ather%20Energy,Unknown,,
Ola Electric,Bangalore,Automotive & EV,,,https://olaelectric.com,https://www.olaelectric.com/careers,https://www.linkedin.com/company/olaelectric,Unknown,,
Bosch India,Bangalore,Automotive & Engineering,,,https://bosch.in,https://www.bosch.in/careers/,https://www.linkedin.com/company/bosch-india,Unknown,,
Canara Bank,Bangalore,Banking & Finance,,,https://canarabank.bank.in,https://www.canarabank.bank.in/career,https://www.linkedin.com/company/canara-bank,Unknown,,
Jana Small Finance Bank,Bangalore,Banking & Finance,,,https://jana.bank.in,,https://www.linkedin.com/search/results/companies/?keywords=Jana%20Small%20Finance%20Bank,Unknown,,
Ujjivan Small Finance Bank,Bangalore,Banking & Finance,,,https://ujjivansfb.in,https://www.ujjivansfb.in/careers,https://www.linkedin.com/search/results/companies/?keywords=Ujjivan%20Small%20Finance%20Bank,Unknown,,
Britannia Industries,Bangalore,Consumer Goods,,,https://britannia.co.in,https://www.britannia.co.in/careers,https://www.linkedin.com/search/results/companies/?keywords=Britannia%20Industries,Unknown,,
Himalaya Wellness,Bangalore,Consumer Goods,,,https://himalayawellness.in,https://careers.himalayawellness.in/,https://www.linkedin.com/search/results/companies/?keywords=Himalaya%20Wellness,Unknown,,
iD Fresh Food,Bangalore,Consumer Goods,,,https://idfreshfood.com,https://www.idfreshfood.com/join-our-team/,https://www.linkedin.com/company/9444166,Unknown,,
MTR Foods,Bangalore,Consumer Goods,,,https://mtrfoods.com,,https://www.linkedin.com/company/mtr-foods-private-ltd,Unknown,,
Stove Kraft,Bangalore,Consumer Goods,,,https://stovekraft.com,https://stovekraft.com/career,https://www.linkedin.com/company/stovekraft,Unknown,,
Titan Company,Bangalore,Consumer Goods,Electronic City,,https://titancompany.in,https://www.titancompany.in/careers,https://www.linkedin.com/company/titan-industries,Unknown,,
United Breweries,Bangalore,Consumer Goods,,,https://unitedbreweries.com,,https://www.linkedin.com/search/results/companies/?keywords=United%20Breweries,Unknown,,
BigBasket,Bangalore,E-commerce,,,https://bigbasket.com,,https://www.linkedin.com/search/results/companies/?keywords=BigBasket,Unknown,,
Flipkart,Bangalore,E-commerce,Bellandur,,https://flipkart.com,https://www.flipkartcareers.com/,https://www.linkedin.com/company/flipkart,Unknown,,
Meesho,Bangalore,E-commerce,,,https://meesho.com,https://www.meesho.io/jobs,https://www.linkedin.com/company/meesho,Unknown,,
Myntra,Bangalore,E-commerce,,,https://myntra.com,,https://www.linkedin.com/search/results/companies/?keywords=Myntra,Unknown,,
udaan,Bangalore,E-commerce,,,https://udaan.com,,https://www.linkedin.com/company/udaan,Unknown,,
Scaler,Bangalore,Education,,,https://scaler.com,https://www.scaler.com/careers/,https://www.linkedin.com/school/scalerofficial,Unknown,,
Simplilearn,Bangalore,Education,,,https://simplilearn.com,https://www.simplilearn.com/careers,https://www.linkedin.com/company/simplilearn,Unknown,,
Unacademy,Bangalore,Education,,,https://unacademy.com,https://unacademy.com/careers,https://www.linkedin.com/company/unacademy,Unknown,,
Centum Electronics,Bangalore,Electronics Manufacturing,,,https://centumelectronics.com,,https://www.linkedin.com/search/results/companies/?keywords=Centum%20Electronics,Unknown,,
Dynamatic Technologies,Bangalore,Engineering & Manufacturing,,,https://dynamatics.com,http://www.dynamatics.com/career,https://www.linkedin.com/company/dynamatic-technologies-limited,Unknown,,
TD Power Systems,Bangalore,Engineering & Manufacturing,,,https://tdps.co.in,https://www.tdps.co.in/careers,https://www.linkedin.com/company/tdpsofficial,Unknown,,
BEML,Bangalore,Engineering (Public Sector),,,https://bemlindia.in,https://www.bemlindia.in/careers,https://www.linkedin.com/company/beml-ltd.,Unknown,,
Quest Global,Bangalore,Engineering Services,,,https://questglobal.com,,https://www.linkedin.com/search/results/companies/?keywords=Quest%20Global,Unknown,,
Cashfree Payments,Bangalore,Fintech,,,https://cashfree.com,,https://www.linkedin.com/search/results/companies/?keywords=Cashfree%20Payments,Unknown,,
Clear (ClearTax),Bangalore,Fintech,,,https://clear.in,https://clear.in/s/careers,https://www.linkedin.com/company/cleartaxindia,Unknown,,
CRED,Bangalore,Fintech,,,https://cred.club,https://careers.cred.club/,https://www.linkedin.com/search/results/companies/?keywords=CRED,Unknown,,
Groww,Bangalore,Fintech,,,https://groww.in,https://groww.in/careers,https://www.linkedin.com/company/groww.in,Unknown,,
Jupiter,Bangalore,Fintech,,,https://jupiter.money,https://jupiter.money/careers,https://www.linkedin.com/search/results/companies/?keywords=Jupiter,Unknown,,
Juspay,Bangalore,Fintech,,,https://juspay.io,https://juspay.io/careers,https://www.linkedin.com/company/juspay-technologies,Unknown,,
Khatabook,Bangalore,Fintech,,,https://khatabook.com,,https://www.linkedin.com/search/results/companies/?keywords=Khatabook,Unknown,,
KreditBee,Bangalore,Fintech,,,https://kreditbee.in,https://kreditbee.darwinbox.in/ms/candidatev2/main/careers/home,https://www.linkedin.com/company/kreditbee,Unknown,,
Navi,Bangalore,Fintech,,,https://navi.com,https://navi.com/careers,https://www.linkedin.com/search/results/companies/?keywords=Navi,Unknown,,
PhonePe,Bangalore,Fintech,,,https://phonepe.com,https://www.phonepe.com/careers/,https://www.linkedin.com/search/results/companies/?keywords=PhonePe,Unknown,,
Razorpay,Bangalore,Fintech,,,https://razorpay.com,https://razorpay.com/jobs/,https://www.linkedin.com/company/razorpay,Unknown,,
smallcase,Bangalore,Fintech,,,https://smallcase.com,https://app.pyjamahr.com/careers?company=smallcase&company_uuid=2615584222,https://www.linkedin.com/company/smallcase,Unknown,,
Zerodha,Bangalore,Fintech,,,https://zerodha.com,https://careers.zerodha.com/,https://www.linkedin.com/search/results/companies/?keywords=Zerodha,Unknown,,
Zeta,Bangalore,Fintech,,,https://zeta.tech,https://www.zeta.tech/us/company/careers/,https://www.linkedin.com/search/results/companies/?keywords=Zeta,Unknown,,
Licious,Bangalore,Food & Delivery,,,https://licious.in,,https://www.linkedin.com/search/results/companies/?keywords=Licious,Unknown,,
Swiggy,Bangalore,Food & Delivery,,,https://swiggy.com,https://careers.swiggy.com/,https://www.linkedin.com/search/results/companies/?keywords=Swiggy,Unknown,,
Cult.fit,Bangalore,Health & Fitness,,,https://cult.fit,https://careers.cult.fit/cult/,https://www.linkedin.com/company/cult.fit,Unknown,,
HealthifyMe,Bangalore,Health & Fitness,,,https://healthifyme.com,,https://www.linkedin.com/search/results/companies/?keywords=HealthifyMe,Unknown,,
Aster DM Healthcare,Bangalore,Healthcare,,,https://asterhospitals.in,https://hcdt.fa.us2.oraclecloud.com/hcmUI/CandidateExperience/en/sites/CX,https://www.linkedin.com/search/results/companies/?keywords=Aster%20DM%20Healthcare,Unknown,,
Cloudnine Hospitals,Bangalore,Healthcare,,,https://cloudninecare.com,https://www.cloudninecare.com/career,https://www.linkedin.com/company/cloudninehospitals,Unknown,,
Manipal Hospitals,Bangalore,Healthcare,,,https://manipalhospitals.com,,https://www.linkedin.com/search/results/companies/?keywords=Manipal%20Hospitals,Unknown,,
Narayana Health,Bangalore,Healthcare,,,https://narayanahealth.org,,https://www.linkedin.com/search/results/companies/?keywords=Narayana%20Health,Unknown,,
Practo,Bangalore,Healthcare,,,https://practo.com,https://www.practo.com/company/careers,https://www.linkedin.com/company/practo-technologies-pvt-ltd,Unknown,,
Livspace,Bangalore,Home & Interiors,,,https://livspace.com,https://www.livspace.com/in/careers,https://www.linkedin.com/search/results/companies/?keywords=Livspace,Unknown,,
Treebo Hotels,Bangalore,Hospitality & Leisure,,,https://treebo.com,https://careers.treebo.com/,https://www.linkedin.com/company/treebohotels,Unknown,,
Wonderla Holidays,Bangalore,Hospitality & Leisure,,,https://wonderla.com,,https://www.linkedin.com/search/results/companies/?keywords=Wonderla%20Holidays,Unknown,,
Happiest Minds Technologies,Bangalore,IT Services,,,https://happiestminds.com,https://www.happiestminds.com/careers/,https://www.linkedin.com/company/happiest-minds-technologies,Unknown,,
Infosys,Bangalore,IT Services,Electronic City,,https://infosys.com,https://www.infosys.com/careers.html,https://www.linkedin.com/company/infosys,Unknown,,
ITC Infotech,Bangalore,IT Services,,,https://itcinfotech.com,https://jobs.itcinfotech.com/itcinfotech/,https://www.linkedin.com/company/itc-infotech,Unknown,,
Mphasis,Bangalore,IT Services,,,https://mphasis.com,https://careers.mphasis.com/home.html,https://www.linkedin.com/company/mphasis,Unknown,,
Sasken Technologies,Bangalore,IT Services,,,https://sasken.com,https://careers.sasken.com/tb/saskenjobs,https://www.linkedin.com/search/results/companies/?keywords=Sasken%20Technologies,Unknown,,
Sonata Software,Bangalore,IT Services,,,https://sonata-software.com,https://sonataone.darwinbox.in/ms/candidate/careers,https://www.linkedin.com/company/sonata-software,Unknown,,
Subex,Bangalore,IT Services,,,https://subex.com,https://www.subex.com/careers/,https://www.linkedin.com/company/subex-ltd,Unknown,,
Tata Elxsi,Bangalore,IT Services,Whitefield,,https://tataelxsi.com,https://www.tataelxsi.com/careers,https://www.linkedin.com/company/tataelxsi,Unknown,,
Wipro,Bangalore,IT Services,Sarjapur Road,,https://wipro.com,https://careers.wipro.com/,https://www.linkedin.com/company/wipro,Unknown,,
ACKO,Bangalore,Insurance,,,https://acko.com,https://www.acko.com/careers/,https://www.linkedin.com/search/results/companies/?keywords=ACKO,Unknown,,
Digit Insurance,Bangalore,Insurance,,,https://godigit.com,https://www.godigit.com/careers,https://www.linkedin.com/company/godigit,Unknown,,
ShareChat,Bangalore,Internet,,,https://sharechat.com,,https://www.linkedin.com/search/results/companies/?keywords=ShareChat,Unknown,,
InMobi,Bangalore,Internet & Ad Tech,,,https://inmobi.com,https://www.inmobi.com/company/careers,https://www.linkedin.com/company/inmobi,Unknown,,
BlackBuck,Bangalore,Logistics,,,https://blackbuck.com,,https://www.linkedin.com/search/results/companies/?keywords=BlackBuck,Unknown,,
Porter,Bangalore,Logistics,,,https://porter.in,,https://www.linkedin.com/search/results/companies/?keywords=Porter,Unknown,,
Shadowfax,Bangalore,Logistics,,,https://shadowfax.in,https://www.shadowfax.in/careers,https://www.linkedin.com/company/9480715,Unknown,,
Zetwerk,Bangalore,Manufacturing,,,https://zetwerk.com,https://www.zetwerk.com/en-us/about-zetwerk/careers/,https://www.linkedin.com/company/zetwerk-in,Unknown,,
Rapido,Bangalore,Mobility,,,https://rapido.bike,https://www.rapido.bike/Careers,https://www.linkedin.com/company/rapido-bike,Unknown,,
Anthem Biosciences,Bangalore,Pharma & Biotech,,,https://anthembio.com,,https://www.linkedin.com/search/results/companies/?keywords=Anthem%20Biosciences,Unknown,,
Biocon,Bangalore,Pharma & Biotech,Electronic City,,https://biocon.com,https://www.biocon.com/careers/,https://www.linkedin.com/search/results/companies/?keywords=Biocon,Unknown,,
Micro Labs,Bangalore,Pharma & Biotech,,,https://microlabsltd.com,https://www.microlabsltd.com/careers,https://www.linkedin.com/company/microlabslimited,Unknown,,
Strides Pharma,Bangalore,Pharma & Biotech,,,https://strides.com,https://www.strides.com/careers.html,https://www.linkedin.com/company/strides-pharma,Unknown,,
Syngene International,Bangalore,Pharma & Biotech,,,https://syngeneintl.com,https://www.syngeneintl.com/careers/,https://www.linkedin.com/search/results/companies/?keywords=Syngene%20International,Unknown,,
Brigade Group,Bangalore,Real Estate,,,https://brigadegroup.com,https://www.brigadegroup.com/careers,https://www.linkedin.com/search/results/companies/?keywords=Brigade%20Group,Unknown,,
Embassy Office Parks,Bangalore,Real Estate,,,https://embassyofficeparks.com,https://www.embassyofficeparks.com/careers/,https://www.linkedin.com/company/embassy-office-parks,Unknown,,
Prestige Group,Bangalore,Real Estate,,,https://prestigeconstructions.com,,https://www.linkedin.com/search/results/companies/?keywords=Prestige%20Group,Unknown,,
Puravankara,Bangalore,Real Estate,,,https://puravankara.com,https://www.puravankara.com/career,https://www.linkedin.com/company/puravankara,Unknown,,
Sobha,Bangalore,Real Estate,,,https://sobha.com,https://www.sobha.com/careers/,https://www.linkedin.com/company/sobhaltd,Unknown,,
NoBroker,Bangalore,Real Estate Tech,,,https://nobroker.in,,https://www.linkedin.com/search/results/companies/?keywords=NoBroker,Unknown,,
BlueStone,Bangalore,Retail,,,https://bluestone.com,,https://www.linkedin.com/search/results/companies/?keywords=BlueStone,Unknown,,
Wakefit,Bangalore,Retail,,,https://wakefit.co,https://wakefit.darwinbox.in/ms/candidate/careers,https://www.linkedin.com/company/wakefitco,Unknown,,
Tessolve,Bangalore,Semiconductors,,,https://tessolve.com,,https://www.linkedin.com/search/results/companies/?keywords=Tessolve,Unknown,,
Capillary Technologies,Bangalore,Software Products,,,https://capillarytech.com,https://capillarytech.sensehq.com/careers,https://www.linkedin.com/company/capillary-technologies,Unknown,,
Exotel,Bangalore,Software Products,,,https://exotel.com,https://exotel.com/about-us/careers/,https://www.linkedin.com/company/exotel-techcom-private-limited,Unknown,,
LeadSquared,Bangalore,Software Products,,,https://leadsquared.com,https://www.leadsquared.com/careers/,https://www.linkedin.com/company/leadsquared,Unknown,,
MoEngage,Bangalore,Software Products,,,https://moengage.com,https://www.moengage.com/careers/,https://www.linkedin.com/search/results/companies/?keywords=MoEngage,Unknown,,
MyGate,Bangalore,Software Products,,,https://mygate.com,https://mygate.com/careers/,https://www.linkedin.com/company/mygatecom,Unknown,,
Postman,Bangalore,Software Products,,,https://postman.com,https://www.postman.com/company/careers/,https://www.linkedin.com/company/postman-platform,Unknown,,
Tally Solutions,Bangalore,Software Products,,,https://tallysolutions.com,https://tallysolutions.com/careers/,https://www.linkedin.com/company/tallysolutions,Unknown,,
Whatfix,Bangalore,Software Products,,,https://whatfix.com,https://whatfix.com/careers/,https://www.linkedin.com/company/whatfix,Unknown,,
Quess Corp,Bangalore,Staffing & Business Services,,,https://quesscorp.com,https://www.quesscorp.com/careers/,https://www.linkedin.com/company/quess-corp,Unknown,,
Tejas Networks,Bangalore,Telecom Equipment,,,https://tejasnetworks.com,,https://www.linkedin.com/search/results/companies/?keywords=Tejas%20Networks,Unknown,,
Blackberrys,Gurgaon,Apparel,,,https://blackberrys.com,https://myemploywise.com/asperm/servlet/website?customer_code=blackberrys,https://www.linkedin.com/company/blackberrys,Unknown,,
Honda Motorcycle & Scooter India,Gurgaon,Automotive,,,https://honda2wheelersindia.com,,https://www.linkedin.com/search/results/companies/?keywords=Honda%20Motorcycle%20%26%20Scooter%20India,Unknown,,
Hyundai Motor India,Gurgaon,Automotive,,,https://hyundai.com/in,https://www.hyundai.com/in/en/hyundai-story/career,https://www.linkedin.com/company/hyundai-motor-india-ltd,Unknown,,
MG Motor India,Gurgaon,Automotive,,,https://mgmotor.co.in,https://www.mgmotor.co.in/careers,https://www.linkedin.com/company/16271169,Unknown,,
Suzuki Motorcycle India,Gurgaon,Automotive,,,https://suzukimotorcycle.co.in,https://www.suzukimotorcycle.co.in/career,https://www.linkedin.com/company/suzuki-motorcycle-india-ltd-,Unknown,,
VE Commercial Vehicles (Eicher),Gurgaon,Automotive,,,https://vecv.in,,https://www.linkedin.com/search/results/companies/?keywords=VE%20Commercial%20Vehicles,Unknown,,
Apollo Tyres,Gurgaon,Automotive Components,,,https://apollotyres.com,,https://www.linkedin.com/search/results/companies/?keywords=Apollo%20Tyres,Unknown,,
JBM Group,Gurgaon,Automotive Components,,,https://jbmgroup.com,,https://www.linkedin.com/search/results/companies/?keywords=JBM%20Group,Unknown,,
Lumax,Gurgaon,Automotive Components,,,https://lumaxworld.in,https://www.lumaxworld.in/work-with-us.html,https://www.linkedin.com/company/lumax-world,Unknown,,
Sandhar Technologies,Gurgaon,Automotive Components,,,https://sandhargroup.com,https://sandhargroup.com/careers,https://www.linkedin.com/search/results/companies/?keywords=Sandhar%20Technologies,Unknown,,
Sona Comstar,Gurgaon,Automotive Components,,,https://sonacomstar.com,,https://www.linkedin.com/search/results/companies/?keywords=Sona%20Comstar,Unknown,,
Uno Minda,Gurgaon,Automotive Components,,,https://unominda.com,https://www.unominda.com/career,https://www.linkedin.com/company/103987,Unknown,,
CarDekho,Gurgaon,Automotive Marketplace,,,https://cardekho.com,https://careers.cardekho.com,https://www.linkedin.com/company/cardekhogroup,Unknown,,
Cars24,Gurgaon,Automotive Marketplace,,,https://cars24.com,https://www.cars24.com/careers/,https://www.linkedin.com/company/cars24,Unknown,,
Droom,Gurgaon,Automotive Marketplace,,,https://droom.in,,https://www.linkedin.com/search/results/companies/?keywords=Droom,Unknown,,
Spinny,Gurgaon,Automotive Marketplace,,,https://spinny.com,https://www.spinny.com/careers/,https://www.linkedin.com/company/spinny,Unknown,,
Park+,Gurgaon,Automotive Tech,,,https://parkplus.io,,https://www.linkedin.com/company/parkplus,Unknown,,
Air India,Gurgaon,Aviation,,,https://airindia.com,https://careers.airindia.com/,https://www.linkedin.com/company/airindialimited,Unknown,,
IndiGo (InterGlobe Aviation),Gurgaon,Aviation,,,https://goindigo.in,https://www.goindigo.in/careers.html,https://www.linkedin.com/search/results/companies/?keywords=IndiGo,Unknown,,
OfBusiness,Gurgaon,B2B Commerce,,,https://ofbusiness.com,,https://www.linkedin.com/search/results/companies/?keywords=OfBusiness,Unknown,,
Sammaan Capital (Indiabulls Housing),Gurgaon,Banking & Finance,,,https://sammaancapital.com,https://www.sammaancapital.com/careers,https://www.linkedin.com/company/indiabulls,Unknown,,
Satin Creditcare Network,Gurgaon,Banking & Finance,,,https://satincreditcare.com,https://satincreditcare.com/careers/,https://www.linkedin.com/company/987977,Unknown,,
SBI Card,Gurgaon,Banking & Finance,,,https://sbicard.com,,https://www.linkedin.com/company/sbi-card,Unknown,,
Hindware,Gurgaon,Building Products,,,https://hindware.com,,https://www.linkedin.com/company/hindwarelimited,Unknown,,
Jaquar Group,Gurgaon,Building Products,,,https://jaquar.com,https://www.jaquar.com/careers,https://www.linkedin.com/company/jaquar-&-company-private-limited,Unknown,,
Dhanuka Agritech,Gurgaon,Chemicals & Manufacturing,,,https://dhanuka.com,https://www.dhanuka.com/career,https://www.linkedin.com/search/results/companies/?keywords=Dhanuka%20Agritech,Unknown,,
PI Industries,Gurgaon,Chemicals & Manufacturing,,,https://piindustries.com,https://career10.successfactors.com/career?company=PI,https://www.linkedin.com/company/pi-industries-ltd,Unknown,,
SRF,Gurgaon,Chemicals & Manufacturing,,,https://srf.com,,https://www.linkedin.com/search/results/companies/?keywords=SRF,Unknown,,
Luminous Power Technologies,Gurgaon,Consumer Durables,,,https://luminousindia.com,https://www.luminousindia.com/careers,https://www.linkedin.com/company/luminous-power-technologies-p-ltd,Unknown,,
Usha International,Gurgaon,Consumer Durables,,,https://usha.com,,https://www.linkedin.com/search/results/companies/?keywords=Usha%20International,Unknown,,
Whirlpool of India,Gurgaon,Consumer Durables,,,https://india.whirlpool.in,,https://www.linkedin.com/search/results/companies/?keywords=Whirlpool%20of%20India,Unknown,,
Honasa Consumer (Mamaearth),Gurgaon,Consumer Goods,,,https://honasa.in,https://honasa.in/pages/careers,https://www.linkedin.com/company/honasa-consumer-ltd,Unknown,,
LT Foods (Daawat),Gurgaon,Consumer Goods,,,https://ltfoods.com,,https://www.linkedin.com/search/results/companies/?keywords=LT%20Foods,Unknown,,
Nestle India,Gurgaon,Consumer Goods,,,https://nestle.in,https://www.nestle.in/jobs,https://www.linkedin.com/company/nestle-s-a-,Unknown,,
PepsiCo India,Gurgaon,Consumer Goods,,,https://pepsicoindia.co.in,https://www.pepsicoindia.co.in/careers,https://www.linkedin.com/company/pepsico,Unknown,,
Varun Beverages,Gurgaon,Consumer Goods,,,https://varunbeverages.com,https://rjcorphcm-iacbiz.fa.ocs.oraclecloud.com/hcmUI/CandidateExperience/en/sites/CX_1,https://www.linkedin.com/company/varun-beverages-limited,Unknown,,
Cashify,Gurgaon,E-commerce,,,https://cashify.in,https://www.cashify.in/career,https://www.linkedin.com/search/results/companies/?keywords=Cashify,Unknown,,
Snapdeal,Gurgaon,E-commerce,,,https://snapdeal.com,,https://www.linkedin.com/search/results/companies/?keywords=Snapdeal,Unknown,,
Adda247,Gurgaon,Education,,,https://adda247.com,https://www.adda247.com/careers.html,https://www.linkedin.com/company/adda247,Unknown,,
Collegedunia,Gurgaon,Education,,,https://collegedunia.com,https://collegedunia.com/career,https://www.linkedin.com/company/3860037,Unknown,,
NIIT,Gurgaon,Education & Training,,,https://niit.com,https://www.niit.com/india/careers,https://www.linkedin.com/search/results/companies/?keywords=NIIT,Unknown,,
VVDN Technologies,Gurgaon,Electronics & Engineering,,,https://vvdntech.com,https://www.vvdntech.com/careers,https://www.linkedin.com/company/vvdn-technologies,Unknown,,
Amber Enterprises,Gurgaon,Electronics Manufacturing,,,https://ambergroupindia.com,https://www.ambergroupindia.com/careers/,https://www.linkedin.com/company/ambergroupindia,Unknown,,
ACME Group,Gurgaon,Energy,,,https://acme.in,,https://www.linkedin.com/search/results/companies/?keywords=ACME%20Group,Unknown,,
Amplus Solar (Gentari India),Gurgaon,Energy,,,https://amplussolar.com,https://www.amplussolar.com/career,https://www.linkedin.com/company/gentari-india,Unknown,,
ReNew,Gurgaon,Energy,,,https://renew.com,https://careers.renew.com/,https://www.linkedin.com/company/renew,Unknown,,
Exicom,Gurgaon,Energy & EV,,,https://exicom.com,,https://www.linkedin.com/search/results/companies/?keywords=Exicom,Unknown,,
Power Grid Corporation of India,Gurgaon,Energy (Public Sector),,,https://powergrid.in,,https://www.linkedin.com/search/results/companies/?keywords=Power%20Grid%20Corporation%20of%20India,Unknown,,
RITES,Gurgaon,Engineering (Public Sector),,,https://rites.com,,https://www.linkedin.com/search/results/companies/?keywords=RITES,Unknown,,
MobiKwik,Gurgaon,Fintech,,,https://mobikwik.com,,https://www.linkedin.com/search/results/companies/?keywords=MobiKwik,Unknown,,
Paisabazaar,Gurgaon,Fintech,,,https://paisabazaar.com,,https://www.linkedin.com/search/results/companies/?keywords=Paisabazaar,Unknown,,
Policybazaar,Gurgaon,Fintech,,,https://policybazaar.com,https://www.policybazaar.com/careers/,https://www.linkedin.com/search/results/companies/?keywords=Policybazaar,Unknown,,
RapiPay,Gurgaon,Fintech,,,https://rapipay.com,,https://www.linkedin.com/search/results/companies/?keywords=RapiPay,Unknown,,
Country Delight,Gurgaon,Food & Delivery,,,https://countrydelight.in,,https://www.linkedin.com/search/results/companies/?keywords=Country%20Delight,Unknown,,
"Eternal (Zomato, Blinkit)",Gurgaon,Food & Delivery,,,https://eternal.com,https://www.eternal.com/careers/,https://www.linkedin.com/search/results/companies/?keywords=Eternal,Unknown,,
Zupee,Gurgaon,Gaming,,,https://zupee.com,,https://www.linkedin.com/search/results/companies/?keywords=Zupee,Unknown,,
Artemis Hospitals,Gurgaon,Healthcare,,,https://artemishospitals.com,https://careers.artemishospitals.com/apply-online,https://www.linkedin.com/company/artemishospital,Unknown,,
Fortis Healthcare,Gurgaon,Healthcare,,,https://fortishealthcare.com,https://www.fortishealthcare.com/careers,https://www.linkedin.com/search/results/companies/?keywords=Fortis%20Healthcare,Unknown,,
Healthians,Gurgaon,Healthcare,,,https://healthians.com,,https://www.linkedin.com/search/results/companies/?keywords=Healthians,Unknown,,
Medanta,Gurgaon,Healthcare,,,https://medanta.org,https://www.medanta.org/careers,https://www.linkedin.com/search/results/companies/?keywords=Medanta,Unknown,,
Paras Health,Gurgaon,Healthcare,,,https://parashospitals.com,https://www.parashospitals.com/career,https://www.linkedin.com/search/results/companies/?keywords=Paras%20Health,Unknown,,
Pristyn Care,Gurgaon,Healthcare,,,https://pristyncare.com,https://www.pristyncare.com/company/careers/,https://www.linkedin.com/company/pristyncare,Unknown,,
Tata 1mg,Gurgaon,Healthcare,,,https://1mg.com,https://www.1mg.com/jobs,https://www.linkedin.com/search/results/companies/?keywords=Tata%201mg,Unknown,,
Urban Company,Gurgaon,Home Services,,,https://urbancompany.com,,https://www.linkedin.com/search/results/companies/?keywords=Urban%20Company,Unknown,,
FabHotels,Gurgaon,Hospitality,,,https://fabhotels.com,,https://www.linkedin.com/company/fabhotels-com,Unknown,,
OYO,Gurgaon,Hospitality,,,https://oyorooms.com,https://www.oyorooms.com/careers/,https://www.linkedin.com/company/oyo-rooms,Unknown,,
Sarovar Hotels,Gurgaon,Hospitality,,,https://sarovarhotels.com,,https://www.linkedin.com/search/results/companies/?keywords=Sarovar%20Hotels,Unknown,,
Genpact,Gurgaon,IT & Business Services,,,https://genpact.com,https://www.genpact.com/careers,https://www.linkedin.com/company/210064,Unknown,,
WNS,Gurgaon,IT & Business Services,,,https://wns.com,https://www.wns.com/about-us/careers,https://www.linkedin.com/search/results/companies/?keywords=WNS,Unknown,,
Daffodil Software,Gurgaon,IT Services,,,https://daffodilsw.com,https://www.daffodilsw.com/career,https://www.linkedin.com/company/daffodil-software-ltd-,Unknown,,
Hughes Systique,Gurgaon,IT Services,,,https://hsc.com,,https://www.linkedin.com/search/results/companies/?keywords=Hughes%20Systique,Unknown,,
Nagarro,Gurgaon,IT Services,,,https://nagarro.com,https://www.nagarro.com/en/careers,https://www.linkedin.com/company/nagarro,Unknown,,
Axis Max Life Insurance,Gurgaon,Insurance,,,https://axismaxlife.com,https://www.axismaxlife.com/careers,https://www.linkedin.com/search/results/companies/?keywords=Axis%20Max%20Life%20Insurance,Unknown,,
IFFCO-Tokio General Insurance,Gurgaon,Insurance,,,https://iffcotokio.co.in,https://www.iffcotokio.co.in/about-us/careers,https://www.linkedin.com/company/iffco--tokio-general-insurance-co--ltd-,Unknown,,
InsuranceDekho,Gurgaon,Insurance,,,https://insurancedekho.com,https://careers.insurancedekho.com/,https://www.linkedin.com/company/insurancedekho,Unknown,,
RenewBuy,Gurgaon,Insurance,,,https://renewbuy.com,,https://www.linkedin.com/search/results/companies/?keywords=RenewBuy,Unknown,,
Affle,Gurgaon,Internet & Ad Tech,,,https://affle.com,https://affle.com/career,https://www.linkedin.com/company/affle,Unknown,,
Times Internet,Gurgaon,Internet & Media,,,https://timesinternet.in,,https://www.linkedin.com/search/results/companies/?keywords=Times%20Internet,Unknown,,
Delhivery,Gurgaon,Logistics,,,https://delhivery.com,https://www.delhivery.com/careers,https://www.linkedin.com/search/results/companies/?keywords=Delhivery,Unknown,,
Ecom Express,Gurgaon,Logistics,,,https://ecomexpress.in,,https://www.linkedin.com/search/results/companies/?keywords=Ecom%20Express,Unknown,,
Daikin India,Gurgaon,Manufacturing,,,https://daikinindia.com,https://www.daikinindia.com/careers,https://www.linkedin.com/search/results/companies/?keywords=Daikin%20India,Unknown,,
PVR INOX,Gurgaon,Media & Entertainment,,,https://pvrcinemas.com,,https://www.linkedin.com/search/results/companies/?keywords=PVR%20INOX,Unknown,,
BPTP,Gurgaon,Real Estate,,,https://bptp.com,,https://www.linkedin.com/search/results/companies/?keywords=BPTP,Unknown,,
DLF,Gurgaon,Real Estate,,,https://dlf.in,https://www.dlf.in/careers,https://www.linkedin.com/search/results/companies/?keywords=DLF,Unknown,,
M3M India,Gurgaon,Real Estate,,,https://m3mindia.com,https://m3mindia.com/career,https://www.linkedin.com/company/m3m-india-limited,Unknown,,
Signature Global,Gurgaon,Real Estate,,,https://signatureglobal.in,https://www.signatureglobal.in/career,https://www.linkedin.com/company/signature-global,Unknown,,
Stanza Living,Gurgaon,Real Estate Tech,,,https://stanzaliving.com,,https://www.linkedin.com/search/results/companies/?keywords=Stanza%20Living,Unknown,,
Bata India,Gurgaon,Retail,,,https://bata.com/in,https://bata.sensehq.com/careers,https://www.linkedin.com/company/bata-india,Unknown,,
HealthKart,Gurgaon,Retail,,,https://healthkart.com,https://www.healthkart.com/careers,https://www.linkedin.com/company/healthkart,Unknown,,
Lenskart,Gurgaon,Retail,,,https://lenskart.com,https://www.lenskart.com/careers,https://www.linkedin.com/search/results/companies/?keywords=Lenskart,Unknown,,
Cvent India,Gurgaon,Software Products,,,https://cvent.com,https://careers.cvent.com/,https://www.linkedin.com/company/cvent,Unknown,,
Shipsy,Gurgaon,Software Products,,,https://shipsy.ai,,https://www.linkedin.com/search/results/companies/?keywords=Shipsy,Unknown,,
Sirion,Gurgaon,Software Products,,,https://sirion.ai,https://www.sirion.ai/careers/,https://www.linkedin.com/company/sirionclm,Unknown,,
Unicommerce,Gurgaon,Software Products,,,https://unicommerce.com,,https://www.linkedin.com/company/unicommerce,Unknown,,
Bharti Airtel,Gurgaon,Telecom,,,https://airtel.in,,https://www.linkedin.com/search/results/companies/?keywords=Bharti%20Airtel,Unknown,,
Hughes Communications India,Gurgaon,Telecom,,,https://hughes.in,https://www.hughes.in/about-HCIPL/resources/careers,https://www.linkedin.com/company/hughes-communications-india-limited,Unknown,,
ixigo,Gurgaon,Travel,,,https://ixigo.com,https://careers.ixigo.com/,https://www.linkedin.com/search/results/companies/?keywords=ixigo,Unknown,,
MakeMyTrip,Gurgaon,Travel,,,https://makemytrip.com,https://careers.makemytrip.com/,https://www.linkedin.com/search/results/companies/?keywords=MakeMyTrip,Unknown,,
TBO.com,Gurgaon,Travel,,,https://tbo.com,https://www.tbo.com/careers,https://www.linkedin.com/company/tbo-com,Unknown,,
Yatra,Gurgaon,Travel,,,https://yatra.com,,https://www.linkedin.com/search/results/companies/?keywords=Yatra,Unknown,,
Honda Cars India,Noida,Automotive,,,https://hondacarindia.com,https://www.hondacarindia.com/careers,https://www.linkedin.com/company/honda-cars-india-ltd,Unknown,,
India Yamaha Motor,Noida,Automotive,,,https://yamaha-motor-india.com,https://www.yamaha-motor-india.com/career-home.html,https://www.linkedin.com/search/results/companies/?keywords=India%20Yamaha%20Motor,Unknown,,
Samvardhana Motherson,Noida,Automotive Components,,,https://motherson.com,https://careers.motherson.com/en,https://www.linkedin.com/search/results/companies/?keywords=Samvardhana%20Motherson,Unknown,,
Spark Minda,Noida,Automotive Components,,,https://sparkminda.com,https://sparkminda.com/career,https://www.linkedin.com/company/sparkminda,Unknown,,
Subros,Noida,Automotive Components,,,https://subros.com,https://www.subros.com/career,https://www.linkedin.com/company/subros-limited,Unknown,,
Noida International Airport,Noida,Aviation & Infrastructure,,,https://niairport.in,https://www.niairport.in/en/company/careers,https://www.linkedin.com/company/niairport,Unknown,,
Apollo Pipes,Noida,Building Products,,,https://apollopipes.com,https://www.apollopipes.com/current-openings,https://www.linkedin.com/company/apollo-pipes-ltd,Unknown,,
Somany Ceramics,Noida,Building Products,,,https://somanyceramics.com,https://www.somanyceramics.com/work-with-us,https://www.linkedin.com/company/somany-ceramics-ltd,Unknown,,
Gujarat Fluorochemicals,Noida,Chemicals & Manufacturing,,,https://gfl.co.in,https://gfl.co.in/Our_People.php,https://www.linkedin.com/company/gujarat-fluorochemicals-limited,Unknown,,
India Glycols,Noida,Chemicals & Manufacturing,,,https://indiaglycols.com,https://www.indiaglycols.com/careers/,https://www.linkedin.com/search/results/companies/?keywords=India%20Glycols,Unknown,,
Jubilant Ingrevia,Noida,Chemicals & Manufacturing,,,https://jubilantingrevia.com,https://jubilantingrevia.com/campus-hiring,https://www.linkedin.com/company/jubilantingrevia,Unknown,,
Haier India,Noida,Consumer Durables,,,https://haier.com/in,https://www.haier.com/in/job-opportunities/,https://www.linkedin.com/search/results/companies/?keywords=Haier%20India,Unknown,,
Havells India,Noida,Consumer Durables,,,https://havells.com,,https://www.linkedin.com/search/results/companies/?keywords=Havells%20India,Unknown,,
Kent RO Systems,Noida,Consumer Durables,,,https://kent.co.in,,https://www.linkedin.com/company/kent-ro-systems-ltd-,Unknown,,
LG Electronics India,Noida,Consumer Durables,,,https://lg.com/in,https://www.lg.com/in/about-lg/careers/,https://www.linkedin.com/company/lgindia,Unknown,,
DS Group,Noida,Consumer Goods,,,https://dsgroup.com,,https://www.linkedin.com/search/results/companies/?keywords=DS%20Group,Unknown,,
Haldiram's,Noida,Consumer Goods,,,https://haldirams.com,,https://www.linkedin.com/search/results/companies/?keywords=Haldiram%27s,Unknown,,
KRBL (India Gate),Noida,Consumer Goods,,,https://krblrice.com,https://krblrice.com/career/,https://www.linkedin.com/company/krbl-limited,Unknown,,
Lotus Herbals,Noida,Consumer Goods,,,https://lotus.in,,https://www.linkedin.com/search/results/companies/?keywords=Lotus%20Herbals,Unknown,,
Luxor Writing Instruments,Noida,Consumer Goods,,,https://luxor.in,,https://www.linkedin.com/search/results/companies/?keywords=Luxor%20Writing%20Instruments,Unknown,,
Mother Dairy,Noida,Consumer Goods,,,https://motherdairy.com,,https://www.linkedin.com/search/results/companies/?keywords=Mother%20Dairy,Unknown,,
Sheela Foam (Sleepwell),Noida,Consumer Goods,,,https://sheelafoam.com,https://www.sheelafoam.com/careers,https://www.linkedin.com/search/results/companies/?keywords=Sheela%20Foam,Unknown,,
IndiaMART,Noida,E-commerce,,,https://indiamart.com,https://careers.indiamart.com/,https://www.linkedin.com/company/indiamart-intermesh-limited,Unknown,,
Moglix,Noida,E-commerce,,,https://moglix.com,https://business.moglix.com/careers,https://www.linkedin.com/company/moglix-business,Unknown,,
Amity University,Noida,Education,,,https://amity.edu,https://www.amity.edu/career_amity.aspx,https://www.linkedin.com/search/results/companies/?keywords=Amity%20University,Unknown,,
Bennett University,Noida,Education,,,https://bennett.edu.in,,https://www.linkedin.com/search/results/companies/?keywords=Bennett%20University,Unknown,,
Career Launcher (CL Educate),Noida,Education,,,https://careerlauncher.com,,https://www.linkedin.com/search/results/companies/?keywords=Career%20Launcher,Unknown,,
Classplus,Noida,Education,,,https://classplusapp.com,,https://www.linkedin.com/search/results/companies/?keywords=Classplus,Unknown,,
Extramarks,Noida,Education,,,https://extramarks.com,,https://www.linkedin.com/company/extramarks,Unknown,,
Galgotias University,Noida,Education,,,https://galgotiasuniversity.edu.in,https://www.galgotiasuniversity.edu.in/p/career,https://www.linkedin.com/school/galgotiasuniversity,Unknown,,
Jaypee Institute of Information Technology,Noida,Education,,,https://jiit.ac.in,https://www.jiit.ac.in/careers,https://www.linkedin.com/school/jiitofficial/,Unknown,,
Leverage Edu,Noida,Education,,,https://leverageedu.com,https://leverageedu.com/work-with-us/,https://www.linkedin.com/company/leverage-edu,Unknown,,
NIET Greater Noida,Noida,Education,,,https://niet.co.in,https://www.niet.co.in/careers,https://www.linkedin.com/search/results/companies/?keywords=NIET%20Greater%20Noida,Unknown,,
PhysicsWallah,Noida,Education,,,https://pw.live,https://pwhr.darwinbox.in/ms/candidatev2/a62d7a6e288992/careers/home,https://www.linkedin.com/company/physicswallah,Unknown,,
Sharda University,Noida,Education,,,https://sharda.ac.in,https://www.sharda.ac.in/about/career,https://www.linkedin.com/school/sharda-university/,Unknown,,
Shiv Nadar University,Noida,Education,,,https://snu.edu.in,,https://www.linkedin.com/search/results/companies/?keywords=Shiv%20Nadar%20University,Unknown,,
S Chand Group,Noida,Education & Publishing,,,https://schandgroup.com,https://schandgroup.com/career/,https://www.linkedin.com/company/s.chand-group,Unknown,,
Magic EdTech,Noida,Education Technology,,,https://magicedtech.com,https://www.magicedtech.com/career-possibilities/,https://www.linkedin.com/company/magic-edtech,Unknown,,
HPL Electric & Power,Noida,Electrical Equipment,,,https://hplindia.com,https://www.hplindia.com/career/,https://www.linkedin.com/company/6637327,Unknown,,
Dixon Technologies,Noida,Electronics Manufacturing,,,https://dixoninfo.com,https://www.dixoninfo.com/job-openings,https://www.linkedin.com/search/results/companies/?keywords=Dixon%20Technologies,Unknown,,
Lava International,Noida,Electronics Manufacturing,,,https://lavamobiles.com,https://www.lavamobiles.com/career/joblist,https://www.linkedin.com/company/lava-international-limited,Unknown,,
Optiemus Infracom,Noida,Electronics Manufacturing,,,https://optiemus.com,,https://www.linkedin.com/search/results/companies/?keywords=Optiemus%20Infracom,Unknown,,
PG Electroplast,Noida,Electronics Manufacturing,,,https://pgel.in,https://pgel.in/careers.html,https://www.linkedin.com/company/pg-electroplast,Unknown,,
Inox Wind,Noida,Energy,,,https://inoxwind.com,https://inoxwind.com/Career.aspx,https://www.linkedin.com/company/inox-wind-limited,Unknown,,
Noida Power Company,Noida,Energy,,,https://noidapower.com,,https://www.linkedin.com/search/results/companies/?keywords=Noida%20Power%20Company,Unknown,,
ISGEC Heavy Engineering,Noida,Engineering & Manufacturing,,,https://isgec.com,https://www.isgec.com/careers-job-openings.php,https://www.linkedin.com/company/isgec-heavy-engineering-ltd,Unknown,,
Triveni Turbine,Noida,Engineering & Manufacturing,,,https://triveniturbines.com,https://www.triveniturbines.com/careers/,https://www.linkedin.com/company/triveni-turbines,Unknown,,
EbixCash,Noida,Fintech,,,https://ebixcash.com,https://career.ebixcash.com/,https://www.linkedin.com/company/ebixcash-pvtltd,Unknown,,
Paytm (One97 Communications),Noida,Fintech,,,https://paytm.com,https://paytm.com/careers/,https://www.linkedin.com/search/results/companies/?keywords=Paytm,Unknown,,
Paytm Money,Noida,Fintech,,,https://paytmmoney.com,,https://www.linkedin.com/company/paytmmoney,Unknown,,
Pine Labs,Noida,Fintech,,,https://pinelabs.com,https://www.pinelabs.com/careers,https://www.linkedin.com/company/pinelabs,Unknown,,
Jubilant FoodWorks,Noida,Food & Restaurants,,,https://jubilantfoodworks.com,,https://www.linkedin.com/search/results/companies/?keywords=Jubilant%20FoodWorks,Unknown,,
Felix Hospital,Noida,Healthcare,,,https://felixhospital.com,https://www.felixhospital.com/career,https://www.linkedin.com/company/felixhospitalnoida,Unknown,,
Jaypee Hospital,Noida,Healthcare,,,https://jaypeehealthcare.com,,https://www.linkedin.com/search/results/companies/?keywords=Jaypee%20Hospital,Unknown,,
Kailash Healthcare,Noida,Healthcare,,,https://kailashhealthcare.com,https://www.kailashhealthcare.com/Career-Kailash-Hospital,https://www.linkedin.com/company/kailash-healthcare-ltd,Unknown,,
Metro Hospitals,Noida,Healthcare,,,https://metrohospitals.com,https://metrohospitals.com/career/,https://www.linkedin.com/school/metro-hospitals-&-heart-institutes/,Unknown,,
Yatharth Hospitals,Noida,Healthcare,,,https://yatharthhospitals.com,https://www.yatharthhospitals.com/career,https://www.linkedin.com/company/yatharthhealthcare,Unknown,,
EXL,Noida,IT & Business Services,,,https://exlservice.com,https://www.exlservice.com/career,https://www.linkedin.com/company/exl-service,Unknown,,
iEnergizer,Noida,IT & Business Services,,,https://ienergizer.com,https://ienergizer.com/?page_id=626,https://www.linkedin.com/company/ienergizer,Unknown,,
Agicent Technologies,Noida,IT Services,,,https://agicent.com,https://www.agicent.com/careers,https://www.linkedin.com/company/agicent-technologies,Unknown,,
Algoworks,Noida,IT Services,,,https://algoworks.com,https://www.algoworks.com/careers/,https://www.linkedin.com/company/algoworks,Unknown,,
Appinventiv,Noida,IT Services,,,https://appinventiv.com,https://appinventiv.com/career/,https://www.linkedin.com/search/results/companies/?keywords=Appinventiv,Unknown,,
Binmile,Noida,IT Services,,,https://binmile.com,https://binmile.com/careers/,https://www.linkedin.com/search/results/companies/?keywords=Binmile,Unknown,,
Coforge,Noida,IT Services,,,https://coforge.com,https://careers.coforge.com/coforge/,https://www.linkedin.com/company/coforge-tech,Unknown,,
Cyfuture,Noida,IT Services,,,https://cyfuture.com,https://cyfuture.com/careers.html,https://www.linkedin.com/company/cyber-futuristics-india-private-limited,Unknown,,
GlobalLogic,Noida,IT Services,,,https://globallogic.com,https://www.globallogic.com/in/careers/,https://www.linkedin.com/company/globallogic,Unknown,,
HCLTech,Noida,IT Services,,,https://hcltech.com,https://careers.hcltech.com/,https://www.linkedin.com/search/results/companies/?keywords=HCLTech,Unknown,,
Impetus Technologies,Noida,IT Services,,,https://impetus.com,https://impetus.cluster3.openings.co/,https://www.linkedin.com/company/impetus,Unknown,,
Iris Software,Noida,IT Services,,,https://irissoftware.com,https://www.irissoftware.com/careers/,https://www.linkedin.com/company/iris-software-inc.,Unknown,,
Ksolves India,Noida,IT Services,,,https://ksolves.com,https://www.ksolves.com/careers,https://www.linkedin.com/company/ksolves,Unknown,,
R Systems,Noida,IT Services,,,https://rsystems.com,https://www.rsystems.com/join-us/,https://www.linkedin.com/company/r-systems,Unknown,,
Sopra Steria India,Noida,IT Services,,,https://soprasteria.in,https://www.soprasteria.in/careers,https://www.linkedin.com/company/soprasteria,Unknown,,
Successive Technologies,Noida,IT Services,,,https://successive.tech,https://successive.tech/careers/,https://www.linkedin.com/company/successivetech,Unknown,,
TechAhead,Noida,IT Services,,,https://techaheadcorp.com,https://www.techaheadcorp.com/careers/,https://www.linkedin.com/company/techahead,Unknown,,
TO THE NEW,Noida,IT Services,,,https://tothenew.com,https://www.tothenew.com/careers,https://www.linkedin.com/company/tothenew,Unknown,,
Jaiprakash Associates (Jaypee Group),Noida,Infrastructure,,,https://jalindia.com,,https://www.linkedin.com/search/results/companies/?keywords=Jaiprakash%20Associates,Unknown,,
Zopper,Noida,Insurance Tech,,,https://zopper.com,https://www.zopper.com/about-us/careers,https://www.linkedin.com/company/zopper,Unknown,,
Info Edge (Naukri.com),Noida,Internet,,,https://infoedge.in,http://careers.infoedge.com/,https://www.linkedin.com/search/results/companies/?keywords=Info%20Edge,Unknown,,
HEG,Noida,Manufacturing,,,https://hegltd.com,,https://www.linkedin.com/search/results/companies/?keywords=HEG,Unknown,,
LNJ Bhilwara Group,Noida,Manufacturing,,,https://lnjbhilwara.com,,https://www.linkedin.com/company/lnj-bhilwara-group,Unknown,,
Triveni Engineering & Industries,Noida,Manufacturing,,,https://trivenigroup.com,,https://www.linkedin.com/search/results/companies/?keywords=Triveni%20Engineering%20%26%20Industries,Unknown,,
UFlex,Noida,Manufacturing,,,https://uflexltd.com,https://www.uflexltd.com/current-openings.php,https://www.linkedin.com/company/uflexltd,Unknown,,
ABP Network,Noida,Media,,,https://abpnetwork.com,,https://www.linkedin.com/search/results/companies/?keywords=ABP%20Network,Unknown,,
India Today Group,Noida,Media,,,https://indiatodaygroup.com,,https://www.linkedin.com/search/results/companies/?keywords=India%20Today%20Group,Unknown,,
Network18,Noida,Media,,,https://nw18.com,,https://www.linkedin.com/search/results/companies/?keywords=Network18,Unknown,,
APL Apollo Tubes,Noida,Metals & Manufacturing,,,https://aplapollo.com,https://aplapollo.com/career,https://www.linkedin.com/company/aplapollo-official,Unknown,,
Jubilant Pharmova,Noida,Pharma & Biotech,,,https://jubilantpharmova.com,https://www.jubilantpharmova.com/careers/global-opportunities,https://www.linkedin.com/company/jubilantpharmova,Unknown,,
Thomson Digital,Noida,Publishing Services,,,https://thomsondigital.com,,https://www.linkedin.com/search/results/companies/?keywords=Thomson%20Digital,Unknown,,
ATS Infrastructure,Noida,Real Estate,,,https://atsgreens.com,https://www.atsgreens.com/craft-your-career/,https://www.linkedin.com/company/ats-infrastructure-ltd,Unknown,,
Gaurs Group,Noida,Real Estate,,,https://gaursonsindia.com,https://www.gaursonsindia.com/careers.php,https://www.linkedin.com/company/gaursons-india,Unknown,,
Mahagun Group,Noida,Real Estate,,,https://mahagunindia.com,https://www.mahagunindia.com/careers/,https://www.linkedin.com/company/mahagun-group,Unknown,,
Max Estates,Noida,Real Estate,,,https://maxestates.in,https://maxestates.in/careers,https://www.linkedin.com/company/max-estates-ltd.,Unknown,,
Magicbricks,Noida,Real Estate Tech,,,https://magicbricks.com,,https://www.linkedin.com/search/results/companies/?keywords=Magicbricks,Unknown,,
Square Yards,Noida,Real Estate Tech,,,https://squareyards.com,,https://www.linkedin.com/search/results/companies/?keywords=Square%20Yards,Unknown,,
Clovia,Noida,Retail,,,https://clovia.com,,https://www.linkedin.com/search/results/companies/?keywords=Clovia,Unknown,,
FarEye,Noida,Software Products,,,https://fareye.com,https://fareye.com/about/careers,https://www.linkedin.com/company/fareye,Unknown,,
Innovaccer,Noida,Software Products,,,https://innovaccer.com,https://innovaccer.com/careers,https://www.linkedin.com/company/innovaccer,Unknown,,
Nucleus Software,Noida,Software Products,,,https://nucleussoftware.com,https://nucleussoftware.zohorecruit.in/jobs/Careers,https://www.linkedin.com/company/nucleus-software-exports-limited,Unknown,,
RateGain,Noida,Software Products,,,https://rategain.com,,https://www.linkedin.com/search/results/companies/?keywords=RateGain,Unknown,,
Vinculum Group,Noida,Software Products,,,https://vinculumgroup.com,https://www.vinculumgroup.com/career/,https://www.linkedin.com/company/vinculumgroup,Unknown,,
BIBA,Delhi,Apparel,,,https://biba.in,https://www.biba.in/us/careers.html,https://www.linkedin.com/search/results/companies/?keywords=BIBA,Unknown,,
Cantabil Retail,Delhi,Apparel,,,https://cantabilinternational.com,,https://www.linkedin.com/search/results/companies/?keywords=Cantabil%20Retail,Unknown,,
Hero MotoCorp,Delhi,Automotive,,,https://heromotocorp.com,,https://www.linkedin.com/search/results/companies/?keywords=Hero%20MotoCorp,Unknown,,
Maruti Suzuki India,Delhi,Automotive,Vasant Kunj,,https://marutisuzuki.com,https://www.marutisuzuki.com/corporate/careers,https://www.linkedin.com/search/results/companies/?keywords=Maruti%20Suzuki%20India,Unknown,,
JK Tyre & Industries,Delhi,Automotive Components,,,https://jktyre.com,https://www.jktyre.com/career,https://www.linkedin.com/company/jk-tyre-&-industries-ltd-,Unknown,,
Shriram Pistons & Rings,Delhi,Automotive Components,,,https://shrirampistons.com,,https://www.linkedin.com/search/results/companies/?keywords=Shriram%20Pistons%20%26%20Rings,Unknown,,
Delhi International Airport (DIAL),Delhi,Aviation & Infrastructure,,,https://newdelhiairport.in,,https://www.linkedin.com/company/delhiairport,Unknown,,
Airports Authority of India,Delhi,Aviation (Public Sector),,,https://aai.aero,https://www.aai.aero/en/careers/recruitment,https://www.linkedin.com/search/results/companies/?keywords=Airports%20Authority%20of%20India,Unknown,,
Bajaj Capital,Delhi,Banking & Finance,,,https://bajajcapital.com,,https://www.linkedin.com/search/results/companies/?keywords=Bajaj%20Capital,Unknown,,
DMI Finance,Delhi,Banking & Finance,,,https://dmifinance.in,https://www.dmifinance.in/about-us/careers/,https://www.linkedin.com/company/dmi-finance-private-limited,Unknown,,
Hero FinCorp,Delhi,Banking & Finance,,,https://herofincorp.com,https://www.herofincorp.com/career,https://www.linkedin.com/company/hero-fincorp-ltd,Unknown,,
PNB Housing Finance,Delhi,Banking & Finance,,,https://pnbhousing.com,,https://www.linkedin.com/search/results/companies/?keywords=PNB%20Housing%20Finance,Unknown,,
Punjab & Sind Bank,Delhi,Banking & Finance,,,https://punjabandsindbank.co.in,,https://www.linkedin.com/search/results/companies/?keywords=Punjab%20%26%20Sind%20Bank,Unknown,,
Punjab National Bank,Delhi,Banking & Finance,,,https://pnb.bank.in,,https://www.linkedin.com/search/results/companies/?keywords=Punjab%20National%20Bank,Unknown,,
Religare Enterprises,Delhi,Banking & Finance,,,https://religare.com,https://candidateportal.religare.com/Candidate/redirectpage.aspx?companyid=REL,https://www.linkedin.com/company/30037,Unknown,,
HUDCO,Delhi,Banking & Finance (Public Sector),,,https://hudco.org.in,https://www.hudco.org.in/careers,https://www.linkedin.com/search/results/companies/?keywords=HUDCO,Unknown,,
IFCI,Delhi,Banking & Finance (Public Sector),,,https://ifciltd.com,,https://www.linkedin.com/search/results/companies/?keywords=IFCI,Unknown,,
Indian Railway Finance Corporation,Delhi,Banking & Finance (Public Sector),,,https://irfc.co.in,,https://www.linkedin.com/search/results/companies/?keywords=Indian%20Railway%20Finance%20Corporation,Unknown,,
IREDA,Delhi,Banking & Finance (Public Sector),,,https://ireda.in,https://www.ireda.in/IredaWebPortal/careers,https://www.linkedin.com/company/ireda-ltd.,Unknown,,
Power Finance Corporation,Delhi,Banking & Finance (Public Sector),,,https://pfcindia.co.in,,https://www.linkedin.com/search/results/companies/?keywords=Power%20Finance%20Corporation,Unknown,,
Kajaria Ceramics,Delhi,Building Products,,,https://kajariaceramics.com,https://www.kajariaceramics.com/career,https://www.linkedin.com/company/kajaria-ceramics-ltd-,Unknown,,
Orient Bell,Delhi,Building Products,,,https://orientbell.com,https://www.orientbell.com/career,https://www.linkedin.com/company/orientbellltd,Unknown,,
IRCON International,Delhi,Construction (Public Sector),,,https://ircon.org,https://www.ircon.org/hr-career,https://www.linkedin.com/search/results/companies/?keywords=IRCON%20International,Unknown,,
NBCC (India),Delhi,Construction (Public Sector),,,https://nbccindia.in,,https://www.linkedin.com/search/results/companies/?keywords=NBCC,Unknown,,
Rail Vikas Nigam (RVNL),Delhi,Construction (Public Sector),,,https://rvnl.org,,https://www.linkedin.com/search/results/companies/?keywords=Rail%20Vikas%20Nigam,Unknown,,
Orient Electric,Delhi,Consumer Durables,,,https://orientelectric.com,,https://www.linkedin.com/company/orient-electric,Unknown,,
Bikano (Bikanervala Foods),Delhi,Consumer Goods,,,https://bikano.com,,https://www.linkedin.com/search/results/companies/?keywords=Bikano,Unknown,,
Bira 91 (B9 Beverages),Delhi,Consumer Goods,,,https://bira91.com,,https://www.linkedin.com/search/results/companies/?keywords=Bira%2091,Unknown,,
Hamdard Laboratories,Delhi,Consumer Goods,,,https://hamdard.in,https://www.hamdard.in/career/,https://www.linkedin.com/company/hamdard-lab-india,Unknown,,
Modicare,Delhi,Consumer Goods,,,https://modicare.com,,https://www.linkedin.com/search/results/companies/?keywords=Modicare,Unknown,,
Relaxo Footwears,Delhi,Consumer Goods,,,https://relaxofootwear.com,https://relaxofootwear.com/pages/careers,https://www.linkedin.com/company/relaxo-footwear-ltd,Unknown,,
TradeIndia,Delhi,E-commerce,,,https://tradeindia.com,,https://www.linkedin.com/search/results/companies/?keywords=TradeIndia,Unknown,,
Aakash Educational Services,Delhi,Education,,,https://aakash.ac.in,,https://www.linkedin.com/search/results/companies/?keywords=Aakash%20Educational%20Services,Unknown,,
Drishti IAS,Delhi,Education,,,https://drishtiias.com,https://www.drishtiias.com/careers,https://www.linkedin.com/search/results/companies/?keywords=Drishti%20IAS,Unknown,,
FIITJEE,Delhi,Education,,,https://fiitjee.com,,https://www.linkedin.com/search/results/companies/?keywords=FIITJEE,Unknown,,
KEI Industries,Delhi,Electrical Equipment,,,https://kei-ind.com,https://keihrms.myadrenalin.com/CandidateMAX/#/?CompanyID=KEIIND,https://www.linkedin.com/company/kei-wires-and-cables,Unknown,,
Surya Roshni,Delhi,Electrical Equipment,,,https://surya.co.in,,https://www.linkedin.com/company/surya-roshni,Unknown,,
BSES Delhi,Delhi,Energy,,,https://bsesdelhi.com,,https://www.linkedin.com/company/bses,Unknown,,
Hero Future Energies,Delhi,Energy,,,https://herofutureenergies.com,https://www.herofutureenergies.com/career,https://www.linkedin.com/company/9223501,Unknown,,
Indraprastha Gas (IGL),Delhi,Energy,,,https://iglonline.net,,https://www.linkedin.com/company/458244,Unknown,,
Petronet LNG,Delhi,Energy,,,https://petronetlng.in,https://www.petronetlng.in/openings,https://www.linkedin.com/company/petronet-lng-limited,Unknown,,
Tata Power Delhi Distribution,Delhi,Energy,,,https://tatapower-ddl.com,,https://www.linkedin.com/search/results/companies/?keywords=Tata%20Power%20Delhi%20Distribution,Unknown,,
GAIL (India),Delhi,Energy (Public Sector),,,https://gailonline.com,,https://www.linkedin.com/company/gail-india-limited,Unknown,,
Indian Oil Corporation,Delhi,Energy (Public Sector),,,https://iocl.com,https://iocl.com/pages/careers-overview,https://www.linkedin.com/company/indian-oil-corp-limited,Unknown,,
NTPC,Delhi,Energy (Public Sector),,,https://ntpc.co.in,https://careers.ntpc.co.in/,https://www.linkedin.com/search/results/companies/?keywords=NTPC,Unknown,,
ONGC,Delhi,Energy (Public Sector),,,https://ongcindia.com,https://ongcindia.com/web/eng/career/recruitment-notice,https://www.linkedin.com/company/ongc,Unknown,,
BHEL,Delhi,Engineering (Public Sector),,,https://bhel.com,https://careers.bhel.in/index.jsp,https://www.linkedin.com/company/bhel,Unknown,,
Engineers India,Delhi,Engineering (Public Sector),,,https://engineersindia.com,https://www.engineersindia.com/careers,https://www.linkedin.com/company/engineers-india-limited,Unknown,,
BharatPe,Delhi,Fintech,,,https://bharatpe.com,https://bharatpe.com/career,https://www.linkedin.com/company/bharatpe,Unknown,,
Bikanervala,Delhi,Food & Restaurants,,,https://bikanervala.com,https://bikanervala.com/pages/career,https://www.linkedin.com/company/bikanervalaindia,Unknown,,
Chaayos,Delhi,Food & Restaurants,,,https://chaayos.com,,https://www.linkedin.com/search/results/companies/?keywords=Chaayos,Unknown,,
WinZO,Delhi,Gaming,,,https://winzogames.com,,https://www.linkedin.com/search/results/companies/?keywords=WinZO,Unknown,,
Aakash Healthcare,Delhi,Healthcare,,,https://aakashhealthcare.com,https://aakashhealthcare.com/careers,https://www.linkedin.com/search/results/companies/?keywords=Aakash%20Healthcare,Unknown,,
Dr Lal PathLabs,Delhi,Healthcare,,,https://lalpathlabs.com,https://www.lalpathlabs.com/career,https://www.linkedin.com/company/dr-lal-pathlabs,Unknown,,
Mahajan Imaging,Delhi,Healthcare,,,https://mahajanimaging.com,,https://www.linkedin.com/search/results/companies/?keywords=Mahajan%20Imaging,Unknown,,
Max Healthcare,Delhi,Healthcare,Saket,,https://maxhealthcare.in,https://www.maxhealthcare.in/career/jobs,https://www.linkedin.com/company/max-healthcare,Unknown,,
Moolchand Healthcare,Delhi,Healthcare,,,https://moolchandhealthcare.com,https://www.moolchandhealthcare.com/career,https://www.linkedin.com/search/results/companies/?keywords=Moolchand%20Healthcare,Unknown,,
Sir Ganga Ram Hospital,Delhi,Healthcare,,,https://sgrh.com,https://sgrh.talentrackr.app/CareerPage2020.aspx,https://www.linkedin.com/school/822919/,Unknown,,
EIH (The Oberoi Group),Delhi,Hospitality,,,https://eihltd.com,https://www.eihltd.com/careers/,https://www.linkedin.com/search/results/companies/?keywords=EIH,Unknown,,
Lemon Tree Hotels,Delhi,Hospitality,Aerocity,,https://lemontreehotels.com,https://careers.lemontreehotels.com/,https://www.linkedin.com/search/results/companies/?keywords=Lemon%20Tree%20Hotels,Unknown,,
Roseate Hotels & Resorts,Delhi,Hospitality,,,https://roseatehotels.com,,https://www.linkedin.com/company/roseate-hotels-&-resorts,Unknown,,
The Lalit (Bharat Hotels),Delhi,Hospitality,,,https://thelalit.com,https://www.thelalit.com/careers/,https://www.linkedin.com/company/thelalitgroup,Unknown,,
India Tourism Development Corporation,Delhi,Hospitality (Public Sector),,,https://itdc.co.in,https://itdc.co.in/careers/,https://www.linkedin.com/company/india-tourism-development-corporation,Unknown,,
Mobiloitte,Delhi,IT Services,,,https://mobiloitte.com,https://www.mobiloitte.com/careers,https://www.linkedin.com/company/mobiloitte,Unknown,,
Niva Bupa Health Insurance,Delhi,Insurance,,,https://nivabupa.com,https://transactions.nivabupa.com/Pages/career.aspx,https://www.linkedin.com/company/niva-bupa,Unknown,,
Oriental Insurance,Delhi,Insurance (Public Sector),,,https://orientalinsurance.org.in,https://orientalinsurance.org.in/careers,https://www.linkedin.com/search/results/companies/?keywords=Oriental%20Insurance,Unknown,,
Safexpress,Delhi,Logistics,,,https://safexpress.com,,https://www.linkedin.com/search/results/companies/?keywords=Safexpress,Unknown,,
Shiprocket,Delhi,Logistics,,,https://shiprocket.in,https://careers.shiprocket.in/,https://www.linkedin.com/company/shiprocket,Unknown,,
Container Corporation of India (CONCOR),Delhi,Logistics (Public Sector),,,https://concorindia.co.in,,https://www.linkedin.com/search/results/companies/?keywords=Container%20Corporation%20of%20India,Unknown,,
Cosmo First,Delhi,Manufacturing,,,https://cosmofirst.com,https://career10.successfactors.com/career?company=cosmofilms,https://www.linkedin.com/company/cosmo-first,Unknown,,
Dalmia Bharat,Delhi,Manufacturing,,,https://dalmiabharat.com,https://www.dalmiabharat.com/careers/,https://www.linkedin.com/company/dalmia-cement,Unknown,,
DCM Shriram,Delhi,Manufacturing,,,https://dcmshriram.com,https://www.dcmshriram.com/people/join-us,https://www.linkedin.com/company/dcmshriramltd,Unknown,,
Jindal Poly Films,Delhi,Manufacturing,,,https://jindalpoly.com,http://careers.jindalgroup.com/jindalpoly/apply/,https://www.linkedin.com/company/jindal-poly-films-limited-delhi,Unknown,,
JK Lakshmi Cement,Delhi,Manufacturing,,,https://jklakshmicement.com,https://www.jklakshmicement.com/careers/,https://www.linkedin.com/company/jk-lakshmi-cement-ltd,Unknown,,
JK Paper,Delhi,Manufacturing,,,https://jkpaper.com,https://www.jkpaper.com/new-opportunities,https://www.linkedin.com/company/jkpaper,Unknown,,
HT Media,Delhi,Media,,,https://htmedia.in,,https://www.linkedin.com/search/results/companies/?keywords=HT%20Media,Unknown,,
NDTV,Delhi,Media,,,https://ndtv.com,,https://www.linkedin.com/search/results/companies/?keywords=NDTV,Unknown,,
Jindal SAW,Delhi,Metals & Manufacturing,,,https://jindalsaw.com,https://jindalsaw.com/jindalsaw/people/#career-opportunity,https://www.linkedin.com/company/jindalsawltd,Unknown,,
Jindal Stainless,Delhi,Metals & Manufacturing,,,https://jindalstainless.com,https://www.jindalstainless.com/careers/,https://www.linkedin.com/company/jindal-stainless,Unknown,,
Jindal Steel,Delhi,Metals & Manufacturing,,,https://jindalsteel.in,https://www.jindalsteel.in/career-opportunity,https://www.linkedin.com/company/jindalsteel-ltd.,Unknown,,
Steel Authority of India (SAIL),Delhi,Metals (Public Sector),,,https://sail.co.in,,https://www.linkedin.com/search/results/companies/?keywords=Steel%20Authority%20of%20India,Unknown,,
Akums Drugs & Pharmaceuticals,Delhi,Pharma & Biotech,,,https://akums.in,https://www.akums.in/career/,https://www.linkedin.com/company/akums,Unknown,,
Mankind Pharma,Delhi,Pharma & Biotech,Okhla,,https://mankindpharma.com,https://www.mankindpharma.com/Career/,https://www.linkedin.com/company/mankind-pharma-ltd,Unknown,,
Morepen Laboratories,Delhi,Pharma & Biotech,,,https://morepen.com,,https://www.linkedin.com/search/results/companies/?keywords=Morepen%20Laboratories,Unknown,,
Panacea Biotec,Delhi,Pharma & Biotech,,,https://panaceabiotec.com,https://www.panaceabiotec.com/en/career,https://www.linkedin.com/company/panacea-biotec-ltd,Unknown,,
Anant Raj,Delhi,Real Estate,,,https://anantrajlimited.com,,https://www.linkedin.com/company/anantrajltd,Unknown,,
Ansal Properties & Infrastructure,Delhi,Real Estate,,,https://ansalapi.com,https://www.ansalapi.com/career.php,https://www.linkedin.com/company/ansal-properties-&-infrastructure-ltd.,Unknown,,
Ashiana Housing,Delhi,Real Estate,,,https://ashianahousing.com,,https://www.linkedin.com/search/results/companies/?keywords=Ashiana%20Housing,Unknown,,
Omaxe,Delhi,Real Estate,,,https://omaxe.com,https://www.omaxe.com/career/current-openings,https://www.linkedin.com/company/omaxe-limited,Unknown,,
Parsvnath Developers,Delhi,Real Estate,,,https://parsvnath.com,https://www.parsvnath.com/career/,https://www.linkedin.com/company/parsvnath-developers-pvt-ltd,Unknown,,
Awfis,Delhi,Real Estate & Workspaces,,,https://awfis.com,https://awfis.keka.com/careers,https://www.linkedin.com/company/awfis,Unknown,,
Campus Activewear,Delhi,Retail,,,https://campusshoes.com,,https://www.linkedin.com/search/results/companies/?keywords=Campus%20Activewear,Unknown,,
Fabindia,Delhi,Retail,,,https://fabindia.com,,https://www.linkedin.com/search/results/companies/?keywords=Fabindia,Unknown,,
Woodland,Delhi,Retail,,,https://woodlandworldwide.com,,https://www.linkedin.com/company/woodland,Unknown,,
Newgen Software,Delhi,Software Products,Okhla,,https://newgensoft.com,https://newgensoft.com/company/careers/,https://www.linkedin.com/company/newgen,Unknown,,
Wingify (VWO),Delhi,Software Products,,,https://wingify.com,https://wingify.com/company/careers/,https://www.linkedin.com/company/wingify,Unknown,,
RailTel Corporation,Delhi,Telecom (Public Sector),,,https://railtel.in,,https://www.linkedin.com/search/results/companies/?keywords=RailTel%20Corporation,Unknown,,
Delhi Metro Rail Corporation,Delhi,Transport (Public Sector),,,https://delhimetrorail.com,,https://www.linkedin.com/search/results/companies/?keywords=Delhi%20Metro%20Rail%20Corporation,Unknown,,
EaseMyTrip,Delhi,Travel,,,https://easemytrip.com,,https://www.linkedin.com/search/results/companies/?keywords=EaseMyTrip,Unknown,,
IRCTC,Delhi,Travel (Public Sector),,,https://irctc.com,,https://www.linkedin.com/search/results/companies/?keywords=IRCTC,Unknown,,
